model_name,accuracy,precision,recall,f1
Logistic Regression,0.8878,0.8880386592970141,0.8878,0.8877827454749444
Linear SVM,0.8801,0.880172400031862,0.8801,0.8800942912892082
Multinomial Naive Bayes,0.8573,0.8575843653907333,0.8573,0.8572716241716016
